Name,Revenue,HQ Location,LinkedIn URL,Website,Company description,Country,Revenue_M,Main Broker,Main Insurer,Hubspot
KKS-Uitzendbureau B.V.,1207218.0,"Netherlands, North Brabant, Berlicum, 1a Overbeeke, 5258",https://www.linkedin.com/company/kks-uitzendbureau-b-v,kks-uitzendbureau.com,"KKS Uitzendbureau B.V. is a newly established employment agency in the Netherlands, originating from its German mother company KKS GmbH. Having a portfolio of over 1000 employees within the Group, KKS Uitzendbureau B.V. offers all the services from a single source, at the same time being at the top of innovation and sustainability. Our services encompass tailor-made, forward-looking solutions  - from recruitment, pool management, labor dynamics predictions and planning and Employer branding. Our main sectors include logistics, production, building cleaning, facility management, concierge services and professional handicrafts. We believe people are the most valuable asset. That is why people choose KKS not only for above-average social benefits, but also for the core values KKS delivers.",Netherlands,1.207218,,,
WerkXL,2737039.0,"Netherlands, South Holland, Rotterdam, 85 Brielselaan, 2554",https://www.linkedin.com/company/werk-xl,www.werkxl.nl,"Wij werken vanuit een maatschappelijke betrokkenheid om werkzoekenden (nieuwe) kansen te bieden op werk. Het bedrijfsleven is hierbij een onmisbare schakel en staat dus bij ons centraal. WerkXL neemt werkgevers werk uit handen bij het tot stand brengen van een goede match.  Met onze dienstverlening ontlasten en faciliteren wij werkgevers en kwalificeren en begeleiden wij werkzoekenden naar vacatures. Uw partner bij resultaatgerichte personeelsoplossingen WerkXL heeft ervaring op het gebied van werving & selectie, opleidingen, begeleiding, detachering en Social Return. Hierdoor is WerkXL in staat de best beschikbare mensen te vinden voor de vacatures die u te vervullen heeft. Onze belasting- en subsidiescan tot vijf jaar terug levert meestal voordeel op. WerkXL bemiddelt daarom niet alleen de juiste mensen, maar zorgt ook dat die mensen aan de slag kunnen met optimale benutting van financiële voordelen voor u als werkgever.  Met onze Talentenpool 50+ laten wij talenten niet onbenut. WerkXL heeft al 8 jaar ervaring met flexpool oplossingen op gebied van detachering en payrolling binnen een full service concept . Veel van onze dienstverlening is op basis no cure – no pay en voor 100% Social Return.   Sterk in werk in de veiligheidsbranche WerkXL is al jarenlang actief in de veiligheidsbranche waarbij wij werkzoekenden kwalificeren voor functies zoals beveiliger, verkeersregelaar, industrieel brandwacht en toezichthoudende functies zoals gastvrouw, gastheer, conciërge en baliemedewerker. Neem contact met ons op voor een vrijblijvende kennismaking!",Netherlands,2.737039,,,
MV Security Services,235403.0,"Netherlands, Flevoland, Almere Stad",https://www.linkedin.com/company/mv-security-services,mvsecurity.nl,"MV Security Services is a professional organization that each application in security treats on individual way. These applications will be processed according to the specific requirements and arrangements of the client. MV Security Services is a specialized Security Consultant. We can give advice on all kinds of security problems.  Specialities; Events security, personal security, Driven Security Escort Service, porters (hotel, cafe and office) and Dog Security.  If you are looking for a reliable / consistent business for the security of your company, MV Security Services is the best and the right partner for your safety.  Event Security, Catering Concierge, Chauffeur Services / Safe driving, Dog Guides  For more information go to mvsecurity.nl",Netherlands,0.235403,,,
Mojo Gift - For Workplaces,3078915.0,"Netherlands, Utrecht, Soest, 3765",https://www.linkedin.com/company/mojo-gift,mojo-gift.com,"Another scented candle. Another forced smile. Gifting shouldn’t be this stressful. So we built Mojo Gift — the world’s first truly global, personalized gifting experience. One digital gift card. 100+ countries. 50+ languages. And a world of unforgettable moments to choose from — from Michelin-star dinners in Paris to hot air balloon rides over Cappadocia. But we don’t stop there. Every recipient gets access to a personal concierge who creates custom itineraries based on their passions, location, and schedule. If it’s not in our 100,000+ experiences, they tell us what is — and we craft it from scratch. A dream, a bucket list moment, a once-in-a-lifetime idea? No limits. No compromises. Just their ultimate bucket list, delivered. No guesswork. No shipping delays. No price tags. Just freedom, joy, and a story they’ll be telling for years. Global. Effortless. Deeply personal. This is gifting, reimagined.",Netherlands,3.078915,,,
Luxe-Villa,1183412.0,"Netherlands, Utrecht, Utrecht, 64 Soesterveen, 3452jm",https://www.linkedin.com/company/luxe-villa,www.luxe-villa.com,"At Luxe-Villa you can buy or sell a Luxury Villa,  Resales & New Developments. We also offer Luxury Villa rentals & long-term rentals in Sotogrande, Marbella & La Zagaleta in southern Spain.  Other services include interior design, concierge, valuations and removals.",Netherlands,1.183412,,,
LIV Residential,1253766.0,"Netherlands, North Holland, Amsterdam, 63 Minervalaan, 1077",https://www.linkedin.com/company/liv-residential,www.livresidential.nl,"LIV Residential (“LIV”) is an international housing company providing services for our residents as the LIV mobile application, digital conciërge, repairs, parcel delivery, leasing and smart mobility. LIV is owned by Orange Capital Partners. Orange Capital Partners is an institutional investor investing in >15,000 rental properties throughout the Netherlands, Ireland, Denmark and Finland. Visit the LIV website to see our properties: www.livresidential.nl",Netherlands,1.253766,,,
NOA//BRND MGMT OPS,5371164.0,"Netherlands, Overijssel, Enschede",https://www.linkedin.com/company/noa-brnd-mgmt-ops,www.noa-brndops.com,"NOA positions itself as a Brand Management Operations agency:  the production organisation of a brand consultancy, the extension of an advertising agency, the content provider for a media agency and the 24/7 brand concierge service for a brand owner.  As is the case with any concierge service, the goal is to provide tangible results, added value, and convenience to clients.  This is what NOA delivers: we continuously and consistently tell and convey a brand story and contribute to the value proposition in order to obtain and secure the desired brand experience, awareness, pride and positioning. We do this by means of: - Content marketing, in hard and soft copy: from editorials to brand films; - Community management on and offline, from social media channels to internal newsletters; - Event management on and offline, from product introductions to periodic webcasts by the management; - Experiential marketing, from an urban guerrilla approach and popup product experiences to visitor engagement at trade exhibitions; - Sponsorship & talent management, from activation to co-branding.",Netherlands,5.371164,,,
The Budapest Concierge,208224.0,"Netherlands, North Holland, Amsterdam, Erich Salomonstraat, 1087",https://www.linkedin.com/company/the-budapest-concierge,www.thebudapestconcierge.com,"Ready to discover this historic city but could use some local knowledge, tips and expertise? The Budapest Concierge is here to organise a tailor-made trip for you, taking into account all your wishes, ideas and personal interests.",Netherlands,0.208224,,,
Concierge Francis,5589593.0,"Netherlands, North Brabant, Oisterwijk, 27 Dorpsstraat",https://www.linkedin.com/company/concierge-francis,franconcierge.com,"We are the concierge service with personal managers for our clients, who will act as an intermediary between companies that offer goods and services for fiat currency and customers who want to use cryptocurrency when buying these goods and services.",Netherlands,5.589593,,,
Taylor Travel Management Group B.V.,4075710.0,"Netherlands, North Holland, Schiphol-oost, 68 Thermiekstraat, 1117",https://www.linkedin.com/company/taylor-travel-management-group,taylortravelmanagement.com,"Our clients demand for high-quality service. A2B Travel is specialized in providing VIP-services on an international level. We deliver Groundtransportation, Concierge, and Air Charter services for high profile clients. A2B Travel started many years ago delivering (luxury) limousine services throughout the Netherlands. By now, we have grown into a full service agency focusing on the European market. We provide our clients in The Netherlands with our own fleet consisting out the latest models of Mercedes-Benz. For ground-transportation in other European countries, we built a solid partner network to secure a high level of service. Besides groundtransportation, we can assist you in booking plane tickets, private flights and concierge services. Frankly, our goal is to provide you full comfort, in the field of travel and hospitality. Our experienced backoffice and operations will guarantee you an amazing traveling-experience.",Netherlands,4.07571,,,
Sovereign Concierge,543850.0,"Netherlands, South Holland, Rotterdam",https://www.linkedin.com/company/sovereign-concierge,www.sovereign-concierge.com,"With our experienced team and broad Global Network, we can guarantee a great service experience and are able to provide all the wishes and needs of our customers, without having them to worry about the whole arrangement processes of their plans. Sovereign Concierge is able to fulfil the recreational & business plans of its customers and is always striving to create the most special experiences in terms of service. We don't settle for anything less than the best and our customer satisfaction is our top priority. This is the mentality of Sovereign Concierge and we are proud of it!",Netherlands,0.54385,,,
You Re Invited,416448.0,"Netherlands, South Holland, Rotterdam, 216-220 Fascinatio Boulevard",https://www.linkedin.com/company/you-re-invited-concierge-service,www.youreinvitedcard.com,"The company You're Invited is an exclusive service for entrepreneurs, artists, celebrities, top athletes and other wealthy people who want to be completely pampered. We offer our members a Personal Concierge that is available all year round, 24 hours a day, 7 days a week. You’re Invited offers up-to-date information about the most popular clubs and (Michelin) restaurants, arranges VIP reservations and takes care of every assignment. This service can also be used for worldwide private jet flights, rental of luxury cars and various boats. We regularly offer VIP tickets for events such as Formula 1, (inter) national football matches and special concerts by major artists. With our current range of hotels, restaurants, culture and entertainment you can come to us with all your personal hospitality needs. The services of You're Invited have received major media attention in the Netherlands from, among others, Quote, Algemeen Dagblad, Radio 538, RTL Boulevard and various hospitality trade magazines. We currently work with more than 500+ different clubs, hotels and restaurants in Europe, Dubai and USA and support various large companies such as Heineken and Holland Casino with relationship management and customer loyalty services. info@youreinvitedcard.com www.youreinvitedcard.com",Netherlands,0.416448,,,
VIP Service Agency,832896.0,"Netherlands, Flevoland, Almere Stad, 111 Gleditsiastraat, 1326",https://www.linkedin.com/company/high-end-vip-service-agency,,"Our International Team of Creative Professionals Dedicated to Designing The Most Exclusive VIP Experiences The World has to offer. We have proven Expertise in bringing your most Ambitious Dreams to Life and offering The Best Gift of All; Your very own, once in a Life-time VIP Experience, To be Shared and Remembered Forever. We Coordinate with our Worldwide Network to Seamlessly Execute the Unexpected, Customizing each Experience Specifically to Your High End VIP Needs and Passion. International Corporate Companies Customer Service with leading Official Sales agents, so we can offer All inclusive/ Limitless VIP Packages, Club VIP Tickets and VIP Table Booking. Adult Entertainment Limousine - Private jet - Helicopter Charter - Private Luxury Taxi - Chauffeurs ""High Class Escort Service"" Luxury & Sports Car Hire, High-End Hotels - Clubs, Fine Dining Restaurants, Music / Events and Festivals Concerts  Short Stay Accommodation Broker. Luxury Sea view Villas. Consulting and Commercial High-end Real Estate Services, Vacation ""Holiday"" Rentals Business Brokering specializing in Tourism Real Estate Helping buyers and sellers of tourism hospitality & leisure businesses and properties Scouting. Worldwide VIP access, All inclusive VIP Packages deals High End Personal assistance full-service Destination management. Private Elite Society clients, Premium members. Client Travel Management – dedicated travel tailors to manage total travel and logistics annually, monthly or on single tours and trips. Saving time, money and stress and ensuring best value. Destination Management – local knowledge and representatives in Amsterdam, Ibiza, London, Dubai, Abu Dhabi, Riyadh, Qatar, New York, Las Vegas, Los Angeles, Hong Kong, Singapore, Milan, Miami, Malaysia and Monaco and more 24/7 VIP Hospitality Travel Concierge last minute flight, transfer or hotel quotes bookings.",Netherlands,0.832896,,,
Miss Parker Amsterdam,629334.0,"Netherlands, North Holland, Amsterdam, 12-1 Cornelis Springerstraat, 1073lh",https://www.linkedin.com/company/miss-parker-amsterdam,www.missparkeramsterdam.com,"High-end Concierge & Lifestyle Services.  Whether you are visiting Amsterdam for a business event or looking to enjoy the many leisure activities our vibrant city has to offer, Miss Parker Amsterdam helps you make the most of it with a tailored and unique approach, designed to strike your fancy.",Netherlands,0.629334,,,
Tailored Service,1029624.0,"Netherlands, North Holland, Amsterdam, 165 C Weteringschans, 1017",https://www.linkedin.com/company/tailored-service,www.tailoredservice.me,"Providing the best Lifestyle Management & Personal Concierge Service in the Netherlands, Barcelona and New York City. Investments in start-ups, real estate and hospitality.",Netherlands,1.029624,,,
Concierge Provider,1000726.0,"Netherlands, North Holland, Amsterdam",https://www.linkedin.com/company/concierge-provider,www.concierge-provider.com,"Concierge Provider introduceert het eerste platform dat de mogelijkheid biedt om vraag en aanbod naadloos op elkaar af te stemmen binnen de dynamische wereld van hotels en aanbieders, te beginnen met full-service restaurants. Het platform biedt innovatieve en praktische oplossingen om de dagelijkse operatie te vereenvoudigen en te verbeteren, de gasttevredenheid te verhogen en het serviceniveau voor alle betrokken partijen te optimaliseren. Concierge Provider is ervan overtuigd dat samenwerken aan een wederzijds doel het niveau van sales, service en snelheid zal verhogen en vervolgens de ervaring van uw gasten zal verbeteren. Een win-win-win situatie!",Netherlands,1.000726,,,
UpMarket,5490216.0,"Netherlands, North Holland, Amsterdam",https://www.linkedin.com/company/upmarket,upmarket.cloud,"UpMarket is transforming guest management in the hospitality industry with AI-powered solutions. Our virtual concierge handles hundreds of guest interactions daily, automating >90% without human intervention. This efficiency allowed our clients—primarily vacation rentals and small hotels—to reduce operational costs and improve guest satisfaction by 20%, even during peak season. Our platform integrates effortlessly with existing property management systems, offering tools like automated check-ins, AI-powered communication, and real-time analytics that are easy to implement and drive immediate results. These tools empower property managers to handle increased demand, drive repeat bookings, and grow revenue without additional staff.  UpMarket is the go-to solution for hospitality businesses seeking to stay ahead in a competitive, evolving market.",Netherlands,5.490216,,,
ByBr. Snap Assistant,973000.0,"Netherlands, North Holland, Amsterdam, 1017vp",https://www.linkedin.com/company/go-bybr,www.bybr.com,"Everyday we are surrounded by local commerce and brands, and Bybr cares about connecting people to their choice and desire. Bybr brings our favorite commerce and brands online, and connecting them with customers in a personal way. Bybr opens up local opportunities for experience and connections. We provide direct access to official channels, help unify all commercial touch-points, and allow creation of personal offerings. We develop smart technologies to meet the different customer needs, and our universal scanner is able to grab all sorts of signs: logos, barcodes, QR codes... Our 1Scan to connect solution lets customers interact with a brand or business in a simple and seamless manner. As a result, Bybr evolves the way local commerce and brands can meet customer expectations. Bybr aims to be the leading concierge service that cares about connecting  local shops/brands/businesses to local communities. Bybr is on a mission to build the bridge between digital and physical brand experience, by building a centralized platform for local supply and demand, on a global scale, powered by cutting-edge AI technology, and aiming at a hyper-personalized and hyper-localized service.",Netherlands,0.973,,,
Runnr.ai,6026970.0,"Netherlands, Utrecht, Louis Couperusstraat",https://www.linkedin.com/company/runnr-ai,www.runnr.ai,Amazing guest experiences by automated communication for hotels and holiday parks. Reduce repetitive tasks and automate upsells with our AI virtual concierge. Answering questions directly in WhatsApp and Booking.com  Stay in touch with your guests throughout the guest journey.,Netherlands,6.02697,,,
BizLabs,457518.0,"Netherlands, North Holland, Amsterdam",https://www.linkedin.com/company/wearebizlabs,,"We are a small customer-centric solution company based in The Netherlands with high goals. We offer tailored help for engaging, nurturing and delighting customers through our extensive set of Concierge Services. We can help your business to: - Create enhanced search processes and leverage the latest technologies. - Design custom marketing sequences and templates. - Arrange and improve sales enablement and customer engagement. - Deliver business technology for start-ups to scale up. - Deliver smart website templates and optimize inbound results. Bringing your business to life is easier using the right tools and processes. Schedule a free discovery call now directly on our website below.",Netherlands,0.457518,,,
Welcome Home,1219227.0,"Netherlands, Ar, 1077 Amsterdam",https://www.linkedin.com/company/welcomehome-lifesyle-management,www.welcomehome.nl,"Welcome Home is een Home Management & Concierge Service voor particulieren in Amsterdam. Met onze toegewijde conciërge service ontzorgen wij op individuele basis en maken we het leven net iets makkelijker. Onze klantenkring zijn veelal eigenaren van een pied-à-terre in de stad of hebben een zeer internationale lifestyle, waardoor ze vaak niet in het land zijn. Als klant kunt u altijd rekenen op een persoonlijke aanpak, uitmuntende kwaliteit, en privacy. *** Welcome Home is a Home Management & Concierge Service for individuals in Amsterdam. With our dedicated home management service, we take care of your needs; from very practical issues to lifestyle services and make your life just a little bit easier. Our clients are mostly expats, owners of a second home in the city  or with an people with an international lifestyle. As our client, you can always count on a personal approach, outstanding quality, and privacy.",Netherlands,1.219227,,,
Expat In Amsterdam,994872.0,Netherlands,https://www.linkedin.com/company/expat-in-amsterdam,www.expatinamsterdam.com,"Expat in Amsterdam®, is 'More than a bespoke Relocation company', servicing expats, internationals, executives, corporates & VIPs and helping them get settled quickly in the Netherlands — with everything they need — in a personal and professional manner.   Born in Amsterdam and raised in 17 locations on four continents, the Founder and Owner - Audrey Mezas - understands the challenges of moving from one culture to another and has a special affinity for people trying to make their way in a new place.  Her knowledge, experience and cultural expertise allow her to do what she loves: provide her clients with tailor-made, exclusive and personal service.   With a team of 60+ experts at her fingertips — specializing in everything from real estate to immigration to taxes to education — Audrey provides short-term or longterm private services for families and individuals as well as hotels, the music and sports industries, startups, governments and corporations. All with exclusive, concierge-style service.   Expat in Amsterdam® means ""commitment, exclusivity, discretion & tailor-made personal service.”  ""It's not what I do, but why I do it, that makes my company different. My business isn’t only relocation, but helping you make the Netherlands your home.""— Audrey Mezas Please connect with us on Social Media: Facebook: https://www.facebook.com/expatinamsterdam Twitter: https://twitter.com/EXPATinAms Instagram: https://www.instagram.com/expatinamsterdam/",Netherlands,0.994872,,,
Your Personal Porter,349432.0,"Netherlands, South Holland, Rotterdam",https://www.linkedin.com/company/your-private-porter,www.yourpersonalporter.com,"Your Private Porter is an easy to use portal and app where you can find and book a private porter (private concierge). Either as a person or a business. YPP delivers the best porters to release the full potential of your lives or businesses by taking over unwanted tasks, to-do's, etc. Try it out and you'll love it. Are you too busy with to-do’s, planning, doing, and things you wish someone else could do for you? YPP sure can. Start living fully today. www.yourpersonalporter.com",Netherlands,0.349432,,,
Upwijs Recruitment,3146670.0,"Netherlands, Utrecht, Ijsselstein, 3401 Lorentzlaan 3, 3401",https://www.linkedin.com/company/upwijs-recruitment,www.upwijs.nl,"Wij hebben verstand van onderwijszaken en verzorgen als ervaren recruiter de invulling van vacatures binnen het onderwijs. Voor functies als docent op velerlei vakgebieden, maar ook aanvullend onderwijsondersteunend zoals conciërge, roostermaker, orthopedagoog en nog veel meer. Door middel van uitzenden, detacheren, werven & selecteren. En op het gebied van zowel primair als voortgezet onderwijs evenals het middelbaar beroepsonderwijs. Onze medewerkers werken persoonlijk, praktisch en professioneel. Ze bieden met hun expertise een dienstverlening met perspectief voor zowel scholen als kandidaten en gaan graag samen met jou aan de slag in het onderwijs.Wij hebben verstand van onderwijszaken en verzorgen als ervaren recruiter de invulling van vacatures binnen het onderwijs. Voor functies als docent op velerlei vakgebieden, maar ook aanvullend onderwijsondersteunend zoals conciërge, roostermaker, orthopedagoog en nog veel meer. Door middel van uitzenden, detacheren, werven & selecteren. En op het gebied van zowel primair als voortgezet onderwijs evenals het middelbaar beroepsonderwijs. Onze medewerkers werken persoonlijk, praktisch en professioneel. Ze bieden met hun expertise een dienstverlening met perspectief voor zowel scholen als kandidaten en gaan graag samen met jou aan de slag in het onderwijs.",Netherlands,3.14667,,,
INTIQ First Class Travel,1122214.0,"Netherlands, North Holland, Blaricum, 9 Torenlaan, 1261",https://www.linkedin.com/company/intiq-lifestyle-&-events,www.intiqfirstclass.com,"At INTIQ First Class Travel we realise your time is valuable, so we ensure every aspect of your journey, from the moment you leave to the moment you return is flawless. Discover luxury travel from a different perspective and enjoy personalised service.   INTIQ First Class Travel is an award winning full service Private Travel Concierge (agency), designed for travellers who expect the highest level of luxury travel and concierge services, all around the world.   We are experts in high-end travel concierge services for both the leisure and corporate customers. We take care of each detail in planning your journey, tailored made, just for you! Your dedicated Private Travel Partner, anywhere in the world!",Netherlands,1.122214,,,
Your Property Manager & Personal Concierge,629334.0,"Netherlands, North Holland, Amsterdam, 211 1 Haarlemmerweg, 1051",https://www.linkedin.com/company/your-property-manager-personal-concierge,www.bjorn.amsterdam,"Who is taking care of your home in addition to providing you with personal concierge support? Who gives you the peace of mind that your home is secure, even when you're not there, whether for a week, a month, or even a year? Hello, my name is Bjorn Soeteman, and I am Your Property Manager & Personal Concierge you have been looking for. I am your part-time personal assistant who buys you time and gives you peace of mind. For the last five years I’ve been looking after homes just like yours. Services vary from simply watering your plants and emptying your letter box to managing house and garden maintenance, cleaning & housekeeping services, vehicle servicing and repair, flowers, chocolate or champagne delivery, express courier services, relocation services and even handling communications with the local authorities.  Fixed rates of € 40 per hour including VAT. I graduated in hotel management and bring over ten years' experience in the hospitality industry to my passion and core-business: freeing you of your concerns. Like a good concierge, I strive to anticipate your needs. I offer personalised services that focus on all aspects of managing your property, in addition to supporting and enhancing your lifestyle.",Netherlands,0.629334,,,
Het Jachthuis Residence,629334.0,"Netherlands, Utrecht, Soesterberg, 126b Amersfoortsestraat, 3769",https://www.linkedin.com/company/het-jachthuis-residence,jachthuisresidence.com,"Het Jachthuis provides fully serviced, fully furnished apartments all-inclusive with utility costs (excl local taxes). We have our owned set of houses in Amersfoort, Utrecht, Eindhoven and Soesterberg that we have created to be perfect homes especially for people who come onsite/abroad and want a hassle free place to stay. The rentals are available for long term as well as short term. All the houses are fully-furnished and serviced, available to be rented on shared basis or as an individual renter. The rental cost includes the utilities price (excl local taxes), thus making it the best option when living abroad. We go a step beyond just providing housing, and help our rentees with guidance on BSN Number creation, Municipality registration, Dutch Bank account creation, 24/7 concierge service, providing transport for commuting from and to work (from Amersfoort only - at additional cost) and Airport pick-up and drop (additional cost).",Netherlands,0.629334,,,
L'easeaway,1258668.0,"Netherlands, North Holland, Amsterdam, 94a Prinsengracht, 1015",https://www.linkedin.com/company/l'easeaway,leaseaway.nl,"L'easeaway for corporate clients                                Property Management - Home Caretaking - Guest Facilities L'easeaway offers a wide range of supporting services in apartments for short stay. Our services are ideal for realtors, property managers and for companies that offer temporary housing to expats. L'easeaway offers the following services:   Key Transfer One of our experienced and professional hosts welcomes your tenants and gives a complete tour of the apartment. The host provides the tenants with information about the neighborhood and answers their questions.   Concierge and Guest Facilities During the stay of your tenants, L'easeaway can be their 24/7 contact. Tenants can contact L'easeaway if keys are lost, the heating is not working, there is no Internet connection, or in case they have any questions. In addition to this, tenants can buy additional services such as a stocked fridge upon arrival, museum tickets, restaurant reservations, golf packages, transportation to and from Schiphol.   Cleaning When the tenants have checked out, L'easeaway thoroughly cleans the apartment, and replaces linen and towels.   Bed linen and towels L'easeaway offers the renting and cleaning of hotel quality linen and towels. A wide range of packages is available upon your request and specific needs.   Toiletries Extra comfort for your tenants? L'easeaway offers an assortment of high quality vanity kits, slippers and bathrobes.   Cleaning rented apartments L'easeaway can arrange the cleaning of your rented apartments.   Home Caretaking L'easeaway reduces the risk of burglary of your vacant apartments. We have different methods to create an inhabited impression.   Customized L'easeaway offers customized services for all her clients. In consultation we can provide additional, or more specific services. L'easeaway can work fully independent, on a flexible base, and doesn’t require long-term contracts",Netherlands,1.258668,,,
DOMÍN,1205116.0,"Netherlands, North Holland, Amsterdam, Beethovenstraat",https://www.linkedin.com/company/domín,www.domin.nl,"DOMÍN is een private member club op de Zuidas, in het award winnende gebouw Valley. Een thuishaven voor gelijkgestemde heren afkomstig uit o.a. ondernemerschap, corporate board, professionele sport en entertainment.  Leden komen hier in aanraking met persoonlijke en zakelijke interesses in informele sfeer, en genieten van o.a. de executive lounge met bar, handige concierge service, unieke experiences in binnen- en buitenland met bijzondere partners en in-house salonkliniek gespecialiseerd in premium personal care voor de man.",Netherlands,1.205116,,,
Con Questa,11957346.0,"Netherlands, North Holland, Amstelveen, 2 Professor J.h. Bavincklaan, 1183",https://www.linkedin.com/company/con-questa,www.con-questa.com,"Con Questa was founded in 2008 from a passion and heart for hospitality. Now, all these years later, a sense of hospitality still characterizes the strength of their dedicated team. Con Questa is a concierge & lifestyle service agency for a select group of members that provides access to endless possibilities, anywhere in the world. Organizing travel for business or pleasure is, therefore, a large part of the services that Con Questa provides. Creating authentic experiences and ensuring that a member can enjoy a certain destination in his/her own unique way is something Con Questa stands for. Con Questa is your key to excellence!   Would you like to receive more information about Con Questa, please take a look at www.con-questa.com or send an e-mail to info@con-questa.com.",Netherlands,11.957346,,,
Rook Groep Vastgoedonderhoud,1041120.0,"Netherlands, South Holland, Vlaardingen, 33 4e Industriestraat",https://www.linkedin.com/company/rookgroep,www.rookgroep.nl,"ROOK GROEP Vastgoedonderhoud levert diensten voor al uw vastgoed. Van de schoonmaker, tot de schilder, tot de conciërge, tot projecten gericht op het reguliere onderhoud, we doen het al sinds 1936. Onze klanten zijn ondernemers, grote en kleine bedrijven, aannemers, VvE's en particulieren. ROOK GROEP is een begrip en een vertrouwd merk in de regio Rijnmond. ROOK GROEP ontzorgt: onze teams zijn op elkaar ingespeeld, zijn flexibel, proactief en begrijpen de zorgen van onze klanten. We leveren maatwerk voor een redelijke prijs. Een familiebedrijf die generatie op generatie zorgt voor continuïteit voor de klanten, het management-team en de werknemers. ROOK GROEP gaat met zijn tijd mee: duurzaamheid en innovatie zijn belangrijke thema's. En daarom zijn we een gezond bedrijf met een effectieve bedrijfsvoering. ROOK GROEP Vertrouwd en vernieuwend W: www.rookgroep.nl  |  E: info@rookgroep.nl  |  T: +31 (0)10 434 15 15",Netherlands,1.04112,,,
FREEK Regelt Het,2528569.0,"Netherlands, Gelderland, Nijmegen, Vrouwe Udasingel, 6663",https://www.linkedin.com/company/freek-regelt-het,www.freekregelthet.nl,Chauffeur voor je zakelijke en privé ritten? Klusjesman om al het achterstallige onderhoud aan te pakken? Bezorgdienst voor officiële documenten of geschenken? Conciërge services voor jullie wooncomplex? Taxi naar de luchthaven? FREEK regelt het.,Netherlands,2.528569,,,
MobieleHuismeester.nl,1041120.0,"Netherlands, South Holland, Voorschoten, 5 Rouwkooplaan, 2251",https://www.linkedin.com/company/5389000,www.mobielehuismeester.nl,"De MobieleHuismeester.nl is een vernieuwend initiatief dat is ontstaan vanuit onze ervaringen en passie binnen de vastgoedsector. Traditie. Een huismeester was ooit een man met aanzien. Hij woonde nabij en wist wat er speelde in ‘zijn’ gebouw. Gestuwd door de modernisering en flexibilisering is de rol van de huismeester in de 21ste eeuw langzaam verdrongen. Een nieuw jasje. Vanuit onze ervaring ontdekten wij echter dat er nog steeds behoefte is aan persoonlijke aandacht op locatie, uw vastgoed. Veelal heeft u een beheerder welke de (dagelijkse-) calamiteiten voor u afhandelt, echter wordt dit vanaf kantoor geregeld hetgeen soms tot misverstanden kan leiden. Aanleiding voor ons om het concept ‘huismeester’ een nieuw jasje te geven. Vertrouwde schakel. Door het aanbod van onze diensten fungeren wij als schakel tussen uw vastgoed, de beheerder en de gebruiker waarbij wij er vanzelfsprekend voor zorgen dat de belangen van alle partijen niet in het gedrang komen. Onze huismeester ziet, signaleert en ondersteunt waar noodzakelijk. ‘Onze huismeester is dé Conciërge voor Uw vastgoed’",Netherlands,1.04112,,,
Binnema Groep,3123360.0,"Netherlands, Flevoland, Lelystad, 2 Bronsweg, 8211",https://www.linkedin.com/company/binnemagroep,www.binnemagroep.nl,"Binnema Groep is uw betrouwbare partner voor het moeiteloos onderhouden van uw vastgoed. Wij nemen de zorg voor vastgoedonderhoud volledig uit handen, zodat u zich kunt richten op uw corebusiness. Of u nu een vastgoedbeheerder, woningbouwcorporatie, overheidsinstantie, VVE of ondernemer bent, wij staan klaar om u te ondersteunen. Onze beloftes: - Wij streven naar ongeëvenaarde kwaliteit. -Ons team staat 24/7 paraat, 365 dagen per jaar. - Wij zijn flexibel en onze medewerkers pro-actief. -Wij hechten waarde aan duurzame langetermijnrelaties Schoonmaak Wij zijn meesters in het reinigen van allerhande panden, variërend van kantoren en appartementencomplexen tot kleine openbare ruimtes en winkelcentra. Of het nu gaat om incidentele klussen of periodiek onderhoud, wij staan voor u klaar. Vastgoedonderhoud Wij zijn uw betrouwbare partner voor dagelijks onderhoud, mutatieonderhoud en grootschalige vastgoedprojecten. Onze storingsdienst is 24/7 beschikbaar, 7 dagen per week, om snel en efficiënt te reageren op uw behoeften. Glas- en gevelonderhoud Binnema Groep is de specialist in glas- en gevelonderhoud. Naast het verzorgen van glasbewassing doen wij ook specialistisch gevelonderhoud en renovatie van glas. Onze huismeesters zijn multifunctionele facilitaire experts, fungerend als de schakel tussen u en de gebruikers van uw pand. Ze voeren diverse facilitaire taken uit, inclusief klein onderhoud en diensten als conciërge, en zorgen voor een optimaal functionerende omgeving. Kortom, Binnema Groep is er om u te ontzorgen, uw vastgoed te optimaliseren en duurzame relaties op te bouwen. Neem vandaag nog contact met ons op en ontdek hoe wij uw vastgoedbehoeften kunnen vervullen. #Vastgoedbeheer #Vastgoedonderhoud #Partnership",Netherlands,3.12336,,,
Probnb,208224.0,"Netherlands, South Holland, Rotterdam, 41d Van Speykstraat, 3014",https://www.linkedin.com/company/probnb,,"Airbnb sleuteloverdracht, schoonmaakservice, check-in en out, wasservice voor verhuur van uw woning | Ook voor andere BnB diensten | Airbnb verhuur uitbesteden Expert Cleaning & Key Delivery Services for Airbnb Rental Hosts www.probnb.nl U verwacht gasten die uw woning willen boeken of hebben geboekt? U kunt of wilt zelf niet schoonmaken? Wordt u ook duizelig van het gedoe met sleutels afgeven bij buren, bekenden, familie of vrienden? Uw was? De gasten verwelkomen en gedag zeggen? ProBnB biedt vertrouwde, betrouwbare, on-demand schoonmaak / cleaning en sleutelservice / key delivery services voor rental hosts of verhuurders van hun woning, op Airbnb, HomeAway, VRBO, Wimdu, Villas, Booking, BedandBreakfast etc. Reserveer online www.probnb.nl Residential cleaning airbnb key delivery | airbnb pre-guest and post-guest cleaning | guest concierge services",Netherlands,0.208224,,,
Te Paske Facilitaire Dienstverlening,832896.0,"Netherlands, North Holland, Amstelveen, 102 D Heemraadschapslaan, 1181",https://www.linkedin.com/company/te-paske-faciltaire-dienstverlening,www.tepaske-bv.nl,"Wij bieden een breed scala diensten aan. Enkele voorbeelden van onze bedrijfsactiviteiten zijn: - Algemene schoonmaakwerkzaamheden  - Specialistische reiniging - Glasbewassing - Opleveringen en schoonmaakonderhoud van kantoorobjecten en woningen - Onderhoudswerkzaamheden voor diverse VvE's - Bewaking-, catering-, receptie-, conciërge/huismeesterdiensten - 'Alles-in-1' pakketten': 1 contactpersoon, 1 leverancier: dat scheelt tijd en geld! Te Paske is een familiebedrijf en dat is terug te zien in de platte organisatiestructuur, minimale bureaucratie/korte lijnen, zeer grote betrokkenheid, persoonlijke benadering, vaste contactpersonen en hoge servicegerichtheid. Voor de relatie met onze opdrachtgevers geldt: kwaliteit gaat voor kwantiteit. We richten ons op het opbouwen en behouden van langdurige klantrelaties. Iedere opdrachtgever is anders en daarom maken wij geen gebruik van een vast stramien voor werkprogramma’s en offertes. Wij stellen alles ‘persoonlijk en op maat’ samen en passen ons aan naar de wensen van onze opdrachtgevers. Met veel van onze opdrachtgevers werken we al langer dan 10, 15 of zelfs 25 jaar samen. Dankzij deze klantrelaties bestaan we al meer dan 30 jaar. Onze meerwaarde wordt pas echt duidelijk op momenten dat flexibiliteit wordt vereist en wij kunnen laten zien wat facilitaire dienstverlening inhoudt. Onze opdrachtgevers, onze medewerkers, kwaliteit en service staan centraal. Dienstverlening begint met heldere communicatie. Onze opdrachtgevers hebben geen organogrammen nodig om te begrijpen hoe we werken. Wij hechten veel belang aan het behoud van ons familiaire karakter en houden graag zelf het directe toezicht op alle objecten van onze opdrachtgevers. Hoe minder schakels, hoe minder ruis en des te efficiënter. Omdat onverwachte situaties zich dag en nacht kunnen voordoen, zijn we 24 uur per dag bereikbaar.",Netherlands,0.832896,,,
Brom Schoonmaakbedrijf B.V.,8301383.0,"Netherlands, Utrecht, Utrecht",https://www.linkedin.com/company/brom-schoonmaakbedrijf-b.v.,www.bromclean.nl,"Sinds 1990 een begrip in Utrecht. Brom biedt een uitgebreid pakket aan schoonmaak- en bedrijfsdiensten zoals:   - Dagelijks en periodiek schoonmaakonderhoud - Glas- en gevelreiniging, zowel binnen als buiten - Vloeronderhoud - Tapijtreiniging - Bouwschoonmaak - Evenementenschoonmaak - Conciërge en huismeesterdiensten",Netherlands,8.301383,,,
ELAINE,2706912.0,"Netherlands, North Holland, Amsterdam, 4 Asterweg, 1031",https://www.linkedin.com/company/elaine,www.elaine-services.nl,"ELAINE Facility Services is powered by the Scheffer Family. ELAINE heeft als taak bedrijven te ontzorgen bij het uitvoeren van hun kerntaken en dat proberen wij zo onopvallend mogelijk te doen. Onze receptioniste geeft uw bezoekers een welkom gevoel, onze hostesses creëren een gastvrije ontmoeting, als conciërge of kantoorbutler zijn wij dé dirigent achter de schermen, u bent veilig “on the move” met onze chauffeuses, zowel zakelijk als privé wordt u ontzorgd door onze Personal Assistant en uw event of meeting wordt tot in detail georganiseerd door de Event Professionals.  De medewerkers van ELAINE zijn altijd enthousiast en stralen energie uit. Door ervaring kunnen zij intuïtief handelen en anticiperen zij op de behoefte van de opdrachtgever. Altijd een stapje extra, voordat u het hoeft te vragen. Zij komen afspraken na en voeren hun taken snel en goed uit. Integriteit en vertrouwen zijn de basis voor onze partnerships. Passie voor services drijft deze professionals om u te ondersteunen en het visitekaartje te zijn van uw organisatie.",Netherlands,2.706912,,,
Conciergerie De Luxe,832896.0,Netherlands,https://www.linkedin.com/company/conciergerie-de-luxe,www.conciergeriedeluxe.nl,"Met plezier samenwerken en iets moois afleveren is ons motto! Personal Assistent wordt Personal Concierge, voor alle extra's die veel tijd nemen Vraagt u zichzelf wel een af hoe fijn het zou zijn als  uw enkele van uw dagelijkse verplichtingen  zou kunnen uitbesteden aan een persoonlijke conciërge..... Wie wil niet eens uit de dagelijkse beslommeringen stappen en ontspannen . Een persoonlijke conciërge zorgt ervoor, dat u rustig een dagje kunt gaan golfen, een lang weekend een mooie stedentrip maken. Of gewoon een kunnen focussen op een belangrijke taak.",Netherlands,0.832896,,,
De Reüniecommissie,2915136.0,"Netherlands, Groningen, Groningen, 30 Haddingestraat, 9711",https://www.linkedin.com/company/dereuniecommissie,dereuniecommissie.nl,"De Reüniecommissie heeft jarenlange ervaring in het perfect organiseren van reünies. Wij zijn het enige bedrijf in Europa dat volledig georganiseerde reünies aanbied waarbij een school volledig ontzorgt wordt. We vinden bijna iedere oud-leerling en regelen een memorabele dag. Daarnaast zorgen wij ervoor dat de vergunningen, catering en financiën geregeld worden. Met de Reüniecommissie loopt uw school geen enkel financieel risico. Onze kosten worden gedekt door de drankjes en een bijdrage voor het organiseren en het warme buffet. De enige 'kosten' voor uw school zijn het zorgen voor een conciërge en voldoende B.H.V.'ers gedurende de reünie. De Reüniecommissie heeft een unieke methode om zoveel mogelijk oud-leerlingen snel op te sporen en te bereiken. Via e-mail, Whatsapp, Schoolbank.nl, social media en uw eigen reünie website zorgen wij voor maximaal bereik. Het karakter van uw school bepaalt vanzelfsprekend hoe het feest eruit komt te zien. De Reüniecommissie volgt stap voor stap uw wensen, komt vanuit haar ervaring met slimme oplossingen en een solide uitvoering. Dit alles in nauw overleg met de contactpersonen binnen uw school. Oud-klasgenoten en schoolvrienden terugzien, herinneringen ophalen, weer lessen volgen bij die leraar natuurkunde, de geur van de gymzaal opsnuiven, disco in de aula: een reünie is voor iedereen onbetaalbaar. Daar doet de Reüniecommissie het voor. En met succes! Vraag gerust naar referenties van scholen die u voorgingen.",Netherlands,2.915136,,,
Escape Room 058,2004372.0,"Netherlands, Friesland, Leeuwarden, 59 Emmakade, 8921ag",https://www.linkedin.com/company/escaperoom058,www.escaperoom058.nl,"Escape Room 058 is de eerste Escape Room in Leeuwarden en het spannendste reallife ontsnappingsavontuur van dit moment. Door logica te combineren met out-of-the-box denken en onorthodoxe methodes, dienen jullie raadsels op te lossen, sloten te kraken en geheime informatie te decoderen. Escape Room 058 zorgt voor een intense, zenuwslopende ervaring waarbij tijd en realiteit vervagen en daarin schuilt juist het gevaar, immers; time is key! ◾ Terrorist Threat ◾ De AIVD houdt het hoofdkwartier van een terroristencel in de gaten. In alle haast verlaten de verdachten onverwachts het pand. Kort daarna wordt in een video gedreigd met bomaanslagen. Met grote urgentie worden jullie, een team van specialisten, gemobiliseerd om Nederland te redden. Een uur om de eerste bom te vinden én te ontmantelen… Tik-tak-tik-tak! 2-7 personen (aanbevolen 5-6) Tijdsduur: max. 60 minuten ◾ Room 313 ◾ Van enkele gasten die jullie voor gingen is nooit meer iets vernomen. Bij aankomst hangt er al een onheilspellende sfeer en de conciërge gedraagt zich hoogst eigenaardig… Weten jullie te achterhalen wat er met de verdwenen gasten gebeurd is en wel voordat het noodlot toeslaat? 2-6 personen (aanbevolen 4-5) Tijdsduur: max. 60 minuten ◾ The Cabin ◾ Officieel staat het pand al jaren leeg, maar het wemelt er van de zwervers en drugsverslaafden. Bovendien rijden er in het holst van de nacht bestelbusjes af en aan, wat is hier toch gaande… Nieuwsgierigheid wint van angst en jullie betreden het pand, vrijwel direct slaat de twijfel toe. Was dit wel zo’n goed idee? 2-6 personen (aanbevolen 4-5) Tijdsduur: max. 60 minuten",Netherlands,2.004372,,,
Concierge Amsterdam,1258668.0,"Netherlands, North Holland, Amsterdam, 1016ck",https://www.linkedin.com/company/concierge-amsterdam,www.conciergeamsterdam.nl,"Since 2006, Concierge Amsterdam has built a local team of service professionals and a steady growing partner and client network. With the city as our playground, we explore and keep track of the hidden gems our city offers. Our speciality lies in servicing leisure and business clients who are looking for unique and tailored experiences in Amsterdam. With years of experience, our passionate team embodies a diverse range of skills which combine to create experiences in Amsterdam that differ from conventional expectations. Something small and simple can be made completely special using the right ingredients. The experiences we offer are delivered with quality service and a personal touch, resulting in memorable and shareable content. Our services are suitable for corporate and leisure needs. The common incentive for our services is quite simply designing a unique Amsterdam experience, sharing our extensive local knowledge and adding our personal touch to modern hospitality expectations.",Netherlands,1.258668,,,
Big Little Amsterdam,94000.0,"Netherlands, North Holland, Amsterdam, 1053 tv",https://www.linkedin.com/company/biglittle-amsterdam,www.biglittle-amsterdam.com,"Iedereen houdt van een cliché; een wandeling langs de grachten, een trip door de rosse buurt. Het is typisch Amsterdam, maar deze stad heeft zoveel meer te bieden. Big Little Amsterdam is klaar om een geheel nieuwe betekenis te geven aan ‘een trip door Amsterdam’. De klassiekers zijn algemeen bekend, maar wij doen Amsterdam anders. Wij pakken het groots aan in deze grote kleine stad; wij nemen geen grote rondvaartboot waarin je met 100 andere toeristen zit, we nemen je liever mee op een originele, klassieke salonboot of sloep en serveren graag je favoriete maaltijd aan boord. Bij Big Little Amsterdam zit de finesse in de details en zal alles tot in de puntjes worden verzorgd. Wat organiseert Big Little Amsterdam precies? Nou, alles van A tot Z! Wij bieden conciërge services| unieke vergaderruimtes | avondvullende programma’s | reserveringen bij restaurants, bars en clubs | vervoer | accommodatie | entertainment | catering | rondleidingen | VIP-toegang | privé rondleidingen | verjaardagen | vrijgezellenfeesten | bedrijfsuitjes | huwelijksaanzoeken | …de lijst van onze services is eindeloos, vraag ons gerust naar de mogelijkheden!",Netherlands,0.094,,,
Travis,8127282.0,"Netherlands, South Holland, Rotterdam, 45 Stationsplein",https://www.linkedin.com/company/travistranslator,www.travistranslator.com,"Founded in January of 2017 and headquartered in Rotterdam, The Netherlands, Travis is a manufacturer of translation devices for people to effectively communicate face-to-face with other nationalities. Whether it's for a Japanese hotel concierge welcoming Argentinian guests, a Dutch nurse treating a Polish patient, or an American aid worker providing support to an Indian refugee, Travis creates a human connection, which leads to vital help, a better customer experience and understanding. By integrating the best translation engines and conversation-enhancing functionalities, Travis is the best way for people to be global communicators.   It takes one to know the problem in order to solve the problem. Our small and growing team consists of 11 nationalities, of which most live outside their home country and who face language barriers on a daily basis. Headquartered in Rotterdam, we have satellite offices in Porto (Portugal), Shenzhen (China) and Trivandrum (India).",Netherlands,8.127282,,,
Best Concierge Services,416448.0,"Netherlands, North Holland, Amsterdam",https://www.linkedin.com/company/best-concierge-services,www.bestconciergeservices.com,"Welcome to Best Concierge Services, your concierge and lifestyle management agency. Our dedicated lifestyle managers support you in all areas needed to manage your lifestyle, leaving you time to spend on the things you love. We can call, make appointments, recommend, inquire, reserve, order, wait, arrange, shop, run errands… anything you need, when you need it. BCS saves you time, money and guarantee you the best possible service. info@bestconciergeservices.com",Netherlands,0.416448,,,
Gift Of Time,1950875.0,"Netherlands, South Holland, The Hague, 155 Ruychrocklaan, 2597",https://www.linkedin.com/company/gift-of-time,www.giftoftime.nl,Lifestyle Management & Concierge Services,Netherlands,1.950875,,,
Haute Voiture,438007.0,"Netherlands, Utrecht, Amersfoort",https://www.linkedin.com/company/hautevoiture,www.haute-voiture.nl,"Your car stored in perfect conditions, cared for with passion and knowledge. For car enthusiasts, collectors and investors. Our services consist of car storage, preservation maintenance (at home), detailing, and additional concierge services. We aim for the complete unburdening of car ownership. Haute Voiture is located in Amersfoort, the Netherlands.",Netherlands,0.438007,,,
Bouwticketservice,1282369.0,Netherlands,https://www.linkedin.com/company/bouwticketservice,www.bouwticketservice.nl,"U kent het wel. U hebt iemand nodig die iets moet komen maken. Vaak kent u niet het goede bedrijf, weet niet precies wat u moet afspreken, betaald voorrijkosten en komt het bedrijf ook nog eens niet opdagen. Laat staan dat er gesproken is over betalingen en garanties! Wij nemen uw melding over en regelen de servicedienst. Wij zijn uw meldkamer, terreinbeheerder, conciërge en facilitaire dienst voor al het onroerend goed van pandeigenaren, huurders, VvE en particulieren. Wij nemen uw digitale melding over en nemen binnen 15 minuten contact met u op. De uitvoering van de dienst gaat altijd in overleg maar kan bij calamiteiten en schade's binnen 4 uur worden uitgevoerd. Dit voor één ticketprijs en géén extra commissie over de kosten van onze partners. Door een ticket bij de Bouwticketservice te bestellen biedt u uzelf ""gemak – zekerheid – snelheid – financiële bewaking – kwaliteit"". De uitdaging van de Bouwticketservice is om op de plek en door de ogen van de klant te kijken en het gewenste resultaat te bereiken door de:      - Uitvoering van service- en bouwwerken m.b.v. LEAN planningen.      - Uitvoeringstermijnen drastisch te verkorten.      - Het terugdringen van faalkosten c.q. verspilling.",Netherlands,1.282369,,,
KLUSPOINT Sterk In Montagewerk,647848.0,"Netherlands, South Holland, Zoetermeer, 757 Dunantstraat",https://www.linkedin.com/company/kluspoint,www.kluspoint.nl,"Als ondernemer heeft u al genoeg aan uw hoofd. Teveel om u druk te maken over de klussen die een bedrijfspand met zich mee kunnen brengen. KLUSPOINT is dé oplossing voor de klussen die te klein zijn voor een aannemer, maar teveel en te groot voor uzelf worden. De enige tijd die u kwijt bent wanneer u KLUSPOINT inschakelt: één telefoontje. Vervolgens gaat u door met wat echt van belang is: ondernemen!  Waarom zou u werkzaamheden aan KLUSPOINT uitbesteden? Vast aanspreekpunt 24 uur per dag, 7 dagen per week bereikbaar Werkzaamheden buiten kantoortijden mogelijk Korte lijnen: directe communicatie en snel schakelen Vakkundige dienstverlening met nazorg Voordelig uurtarief Geen voorrijkosten binnen ZOETERMEER Maatwerkoplossingen op contractbasis mogelijk Welke klussen kunt u aan KLUSPOINT uitbesteden? KLUSPOINT richt zich hoofdzakelijk op de klussen die bij een conciërge/huismeester thuishoren, maar in feite kunt u het zo gek niet bedenken. KLUSPOINT werkt nauw samen met een team van vakmensen die worden ingeschakeld als dit noodzakelijk is. Uiteraard alles in overleg met u. Wat is het werkgebied van KLUSPOINT? KLUSPOINT is gevestigd in ZOETERMEER. Het werkgebied is voornamelijk Zuid Holland, maar uiteraard bestaat de mogelijkheid om uit te breiden. In Zoetermeer worden geen voorrijkosten berekend.  KLUSPOINT staat voor u klaar! Bent u benieuwd wat KLUSPOINT voor uw bedrijf kan betekenen, neem dan vrijblijvend contact op of bezoek de website. KLUSPOINT werkt netjes, is betrouwbaar en zorgt ervoor dat u met een opgeruimd en tevreden gevoel achterblijft. Bel voor meer informatie of een vrijblijvende afspraak 0651666888 .",Netherlands,0.647848,,,
Viqal,3146670.0,"Netherlands, North Holland, Amsterdam, 201 Barbara Strozzilaan, 1083",https://www.linkedin.com/company/viqal,viqal.com,"Viqal's AI WhatsApp Concierge automates hotel guest communication. Increase upsell revenue, save time for staff and delight guests.",Netherlands,3.14667,,,
