ID,Name,LinkedIn URL,Locations,Location Phones,HQ Location,HQ Location Phones,Technologies,Industries,SIC,ISIC,NAICS,Company type,Website,Domain,Headcount,Company description,Revenue,Company Event 1,Company Event 2,Company Event 3,Company Event 4,Company Event 5,Company Event 6,Company Event 7,Company Event 8,Company Event 9,Company Event 10
"b272ca4b-a413-39d1-8fe2-959fd5e50aa2","Hipotels - Hotels & Resorts","https://www.linkedin.com/company/hipotels","[Spain, Baleares, Cala Millor, 18 C/ Sestanyol, 07560]","","Spain, Baleares, Cala Millor, 18 C/ Sestanyol, 07560","","Microsoft Exchange, Yield, Riviera, Events Manager, Ecommerce, Realm, Tiny, TripAdvisor, core-js, X-XSS-Protection, HSTS, Google Tag Manager, Choices, Google Analytics Enhanced Ecommerce, cdnjs, Google Maps, OWL Carousel, jQuery, HTTP/3, Google Analytics, Handlebars, Modernizr, Google Font API, Apache, Amazon Web Services, PHP, Facebook Pixel, React, yepnope.js, Cookiebot, Open Graph, Twitter typeahead.js, Facebook, Nginx, Less, Bootstrap, Polyfill, Debian, X-Content-Type-Options, Google Ads Conversion Tracking, Google Ads, Amazon Cloudfront, Babel, AppNexus, reCAPTCHA, Ubuntu, Moment.js, Google Cloud","Hospitality, Restaurants","	5812, 58, 70, 7011, 70","	5510, i, 5610, 55, 56, 561, 551, i","	72112, 722514, 72, 7225, 721110, 72111, 722, 721120, 722511, 7211, 722515, 722513, 72251, 72, 721","Privately Held","www.hipotels.com","hipotels.com","1104","Hipotels Hotels & Resorts is a premier hospitality company that specializes in providing exceptional hotel and resort experiences across popular destinations such as Mallorca, Cádiz, Lanzarote, and Cancún. The company is dedicated to rewarding guest loyalty through its innovative Hipotels Vibes Club, a tiered loyalty program that offers exclusive benefits and discounts for members who book directly through their official website. With a mission to create unforgettable stays filled with happiness and relaxation, Hipotels aims to enhance customer satisfaction by offering personalized services and unique experiences tailored to their guests' needs. The target market includes leisure travelers seeking comfort and quality, as well as event organizers looking for versatile venues for celebrations and conferences. Through strategic partnerships and a commitment to excellence, Hipotels strives to be a leader in the hospitality industry, ensuring that every guest feels valued and appreciated.","794753062","","","","","","","","","",""
"b00eb9f5-8475-36ff-8572-88531ba8cd1c","ALEGRIA Hotels","https://www.linkedin.com/company/alegria-hotels","[Spain, Barcelona, Santa, Crta. Nacional Ii Km. 672.6, 08398], [Spain, Catalonia, Barcelona, 25 Carrer Del Carme, 08001]","+34933021172","Spain, Barcelona, Santa, Crta. Nacional Ii Km. 672.6, 08398","","Google Apps for Business, React, Splash, JavaScript, Google Font API, Cookie Notice, Font Awesome, reCAPTCHA, jQuery, ProfilePress, JetPack, Apache, MySQL, Tippy.js, Select2, Lightbox, jQuery Migrate, Apache HTTP Server, Priority Hints, RSS, Swiper, jQuery UI, WordPress, PHP, Bootstrap, Contact Form 7, Google Fonts API, Webpack, Microsoft 365, JSON-LD, Amazon Cloudfront, Python, Unpkg, Chart.js, Google Analytics Enhanced Ecommerce, Amazon Web Services, Google Tag Manager, Visual Website Optimizer, Google Analytics, Moment.js, Drupal, Open Graph, Hotjar, Web Vitals, Django, styled-components, CookieScript, HSTS, AMP","Hospitality, Restaurants","	58, 70, 7011, 70","	5629, i, 56, 5510, 562, 551, 55, 5621, i","	72, 72112, 72111, 722310, 722330, 72233, 722, 721, 72231, 7223, 722320, 721120, 72, 7211, 72232, 721110","Privately Held","www.alegria-hotels.com","alegria-hotels.com","1042","ALEGRIA Hotels is a hospitality company that operates a diverse portfolio of hotels and apartments across popular tourist destinations in Spain, including locations such as Andorra La Vella, Cambrils, and Roquetas de Mar. The company is dedicated to providing exceptional guest experiences through modern accommodations, family-friendly amenities, and event spaces equipped with the latest technology. ALEGRIA Hotels aims to create memorable stays for families, couples, and business travelers alike, with a focus on personalized service and attention to detail. Their mission is to ensure that every guest feels welcomed and valued, while their vision encompasses expanding their offerings to meet the evolving needs of their clientele. With a commitment to quality and customer satisfaction, ALEGRIA Hotels partners with local businesses and event planners to enhance the overall experience for their guests.","312859880","Company Hiring Event. Company Alegria Hotels announced on 2024-03-21 that they will be hiring Jefe a animacion in their  department in Spain. URL:https://es.indeed.com/viewjob?jk=0c424a4591170a66.","Company Hiring Event. Company Alegria Hotels announced on 2023-07-21 that they will be hiring jefe a de cocina head chef - almería in their  department in Spain. URL:.","Company Hiring Event. Company Alegria Hotels announced on 2023-10-08 that they will be hiring Director de servicios técnicos corporativo in their  department in Spain. URL:https://es.thebigjobsite.com/details/F2BD32B9B2B284E80EE51BF29269DBA3/DIRECTOR-DE-SERVICIOS-T-CNICOS-CORPORATIVO.","Company Hiring Event. Company Alegria Hotels announced on 2024-05-01 that they will be hiring Jefe a recepcion in their  department in Spain. URL:https://www.buscojobs.com.es/jefe-a-recepcion-en-almeria-ID-268226929.","Company Hiring Event. Company Alegria Hotels announced on 2024-08-19 that they will be hiring Personal de limpieza in their  department in Spain. URL:https://www.empleate.gob.es/empleo/#/oferta/personal-de-limpieza/1829661132.","Company Hiring Event. Company Alegria Hotels announced on 2024-03-21 that they will be hiring Personal de animacion in their  department in Spain. URL:https://www.jobatus.es/oferta-trabajo/personal-de-animacion-548710042.","Company Hiring Event. Company Alegria Hotels announced on 2024-03-21 that they will be hiring Jefe a animacion in their  department in Spain. URL:https://www.jobatus.es/oferta-trabajo/jefea-animacion-548710036.","Company Hiring Event. Company Alegria Hotels announced on 2024-05-23 that they will be hiring Recepcionistas - ayudantes recepcion in their  department in Spain. URL:https://es.indeed.com/viewjob?jk=6ca7dd066f637ade.","Company Hiring Event. Company Alegria Hotels announced on 2024-07-03 that they will be hiring Revenue agent in their  department in Spain. URL:https://www.empleate.gob.es/empleo/#/oferta/revenue-agent/1827979736.","Company Hiring Event. Company Alegria Hotels announced on 2024-08-24 that they will be hiring Responsable de mantenimiento de hotel in their  department in Spain. URL:https://es.indeed.com/viewjob?jk=d262606179e7efed."
"6906242f-a5cd-357e-9884-c522466347cc","Senator Hotels & Resorts","https://www.linkedin.com/company/playa-senator","[Spain, Andalusia, Roquetas De Mar]","","Spain, Andalusia, Roquetas De Mar","","Google Font API, Google Analytics Enhanced Ecommerce, WPBakery, Autoptimize, Google Maps, The Hotels Network, YouTube, Hotjar, WhatsApp Business Chat, Contact Form 7, Oxygen, oEmbed, Google Tag Manager for WordPress, RSS, WooCommerce Multilingual, CivicTheme, WPML, WooCommerce, FancyBox, Slick, Apache, Microsoft ASP.NET, Visual Studio Code, Google Fonts API, Como, PHP, Microsoft, Amazon Cloudfront, Babel, cdnjs, Microsoft IIS, JSON-LD, C#, Bing Ads, Bootstrap, Polyfill, WP Rocket, jQuery UI, X-XSS-Protection, Flickity, WordPress, Priority Hints, Swiper, DPD, Mirai, Google Ads Conversion Tracking, Facebook, Open Graph, Facebook Pixel, Shopify, X-Content-Type-Options, Outbrain, Google Tag Manager, Cloudflare Web Optimizations, Microsoft Advertising, jQuery, X-UA-Compatible, CloudFlare, WordPress Multisite, Google Hosted Libraries, Amazon Web Services, Google Ads, React, Yoast SEO, Element UI, reCAPTCHA, Cloudflare Bot Management, Cloudflare CDN, imagesLoaded, .NET, Font Awesome, Google Analytics, git, Lightbox, Windows Server, HTTP/3, Elementor, jQuery Migrate, Atento, WhatsApp Business, MySQL, core-js","Hospitality, Restaurants","	70, 7011, 5812, 70, 58","	5510, i, 5610, 55, 551, 56, i, 561","	722513, 722514, 72, 7211, 722, 721120, 721, 721110, 72251, 72, 72111, 722511, 72112, 722515, 7225","Self Owned","www.playasenator.com","playasenator.com","1192","Senator Hotels & Resorts is a prominent hotel chain with over 50 years of experience, founded by José María Rossell Recasens in Garrucha, Almería. The company operates 41 establishments across Spain and the Caribbean, including popular destinations such as Puerto Plata, Mallorca, and Costa del Sol. Senator Hotels & Resorts aims to provide exceptional hospitality experiences, combining comfort, quality service, and a wide range of amenities, including wellness services at their Senzia Spa. Their target market includes families, couples, and groups seeking all-inclusive vacation options in beautiful settings. The company prides itself on its family-oriented values and a dedicated team that contributes to its reputation as one of Spain's leading hotel chains.","200566100","","","","","","","","","",""
"ce31b89e-2d94-39da-991a-83071b6433c5","BQ HOTELES","https://www.linkedin.com/company/bqhoteles","[Spain, Balearic Islands, Palma]","","Spain, Balearic Islands, Palma","","MailChimp, Unpkg, Amazon Cloudfront, Twemoji, JSON-LD, Vimeo, Python, PHP, Google Analytics Enhanced Ecommerce, reCAPTCHA, jQuery, Yoast SEO, CloudFlare, Apache, Font Awesome, Cloudflare Bot Management, Visual Website Optimizer, Google Tag Manager, Amazon Web Services, Google Analytics, jQuery Migrate, MySQL, Lightbox, Cart Functionality, styled-components, HSTS, AMP, CookieScript, Open Graph, WordPress, Web Vitals, Facebook Pixel, Django, Facebook, Drupal, Cookie Script, Twitter Emoji (Twemoji), Facebook Signal, React, Ecommerce, J2EE, Google Apps for Business, GSM","Hospitality, Restaurants","	70, 58, 7011, 70","i, i, 5510, 5629, 5621, 55, 56, 551, 562","	72233, 721120, 722320, 721, 722, 722310, 72231, 72, 722330, 72112, 72111, 721110, 72232, 7223, 7211, 72","Privately Held","www.bqhoteles.com","bqhoteles.com","540","BQ Hoteles is a hospitality company that specializes in providing a diverse range of accommodations across various destinations, primarily in Mallorca, Spain. With a portfolio that includes several hotels, such as BQ Augusta, BQ Belvedere, and BQ Alcudia Sun Village, the company aims to deliver exceptional experiences for both leisure and adult-only travelers. BQ Hoteles is committed to ensuring guest satisfaction through quality service and comfortable stays, aligning with its mission to create memorable holiday experiences. The company caters to a wide array of clients, including families, couples, and solo travelers, while also partnering with travel agencies and businesses to enhance its offerings. With a focus on customer-centric services, BQ Hoteles strives to be a leading choice for those seeking relaxation and enjoyment in beautiful coastal settings.","189791776","Company Hiring Event. Company Bq Hoteles announced on 2023-09-04 that they will be hiring Sstt in their  department in Spain. URL:https://buscadordetrabajo.es/sstt/baleares/203305/sstt.","Company Hiring Event. Company Bq Hoteles announced on 2024-04-29 that they will be hiring Jefe/a de partida in their  department in Spain. URL:https://www.infojobs.net/muro/jefe-partida/of-i723d95b3224a5ba1421b423c33f57f.","Company Hiring Event. Company Bq Hoteles announced on 2024-10-16 that they will be hiring Recepcionista 4* tiempo parcial in their  department in Spain. URL:https://www.infojobs.net/palma-de-mallorca/recepcionista-4*-tiempo-parcial/of-i4d82f2612a4f2ea0da99d0482689ed?applicationOrigin=search-new&page=124&sortBy=PUBLICATION_DATE.","Company Hiring Event. Company Bq Hoteles announced on 2024-02-18 that they will be hiring Jefe a de cocina in their  department in Spain. URL:https://www.infojobs.net/alcudia/jefe-cocina/of-i0ff43e3f9443f08a99d34de82d170c?applicationOrigin=search-new&page=169&sortBy=PUBLICATION_DATE.","Company Hiring Event. Company Bq Hoteles announced on 2024-03-30 that they will be hiring Jefe a de sala in their  department in Spain. URL:https://www.infojobs.net/santa-margalida/jefe-sala/of-i8ca957bb6f4418b51c8a90909a4de6?applicationOrigin=search-new&page=799&sortBy=PUBLICATION_DATE.","Company Hiring Event. Company Bq Hoteles announced on 2024-08-06 that they will be hiring Conserje de noche in their  department in Spain. URL:https://www.infojobs.net/palma-de-mallorca/conserje-noche/of-if7c768920d4664a1ea25c31888bd60.","Company Hiring Event. Company Bq Hoteles announced on 2024-02-24 that they will be hiring Director comercial cadena hotelera in their  department in Spain. URL:https://www.infojobs.net/palma-de-mallorca/director-comercial-cadena-hotelera/of-i8fa37d37b94ccbaeab58bd71191b7f.","Company Hiring Event. Company Bq Hoteles announced on 2024-02-03 that they will be hiring Jefe a de cocina in their  department in Spain. URL:https://www.infojobs.net/palma-de-mallorca/jefe-cocina/of-ic59d8de5f74e93b4bf122afa51c7a1.","Company Hiring Event. Company Bq Hoteles announced on 2024-01-30 that they will be hiring 2 jefe a sala-bar in their  department in Spain. URL:https://www.infojobs.net/alcudia/2-jefe-sala-bar/of-i7f7c20b14841728b5f1ae3f4ad8872?applicationOrigin=search-new&page=979&sortBy=PUBLICATION_DATE.","Company Hiring Event. Company Bq Hoteles announced on 2024-02-10 that they will be hiring Jefe a de sala bar boutique hotel in their  department in Spain. URL:https://www.infojobs.net/palma-de-mallorca/jefe-sala-bar-boutique-hotel/of-id9315cad5d441b98bfcb2c30438cd8?applicationOrigin=search-new&page=856&sortBy=PUBLICATION_DATE."
"f87e0840-832d-399a-a79a-6e6069712d7b","Iberostar Hotels & Resorts","https://www.linkedin.com/company/iberostar-hotels-and-resorts","[Spain, Catalonia, Sabadell], [United States, Florida, Doral, 9250 Nw 36th St, 33178], [Mexico, Quintana Roo], [Germany, Santanyí, 07691], [Portugal, Lisbon, Lisbon, 64 R. Castilho, 1250-071], [Spain, Balearic Islands, Palma, 154 General Riera, 07010]","+13057749225, +529848772000","Spain, Catalonia, Sabadell","","Mirador, Imagen, RSS, LiteSpeed, Google Font API, G Suite, Typekit, Microsoft Power BI, Continua, Google Sheets, Atento, Agosto, Nginx, Google Docs, Linkedin Insight Tag, MX Technologies, HSTS, Validar, Google Search Console, Gmail, Tealium Consent Management, YouTube, Cart Functionality, UKG, Tealium AudienceStream, Tealium, SEO Manager, ReviewPro, Wave, TikTok, Autodesk Revit, Asana, Microsoft Project, Facebook, Canva, Tableau, Coupa, jsDelivr, Swiper, Apache HTTP Server, Figma, AutoCAD, WhatsApp, Google, StarTeam, schema.org, Ruby on Rails, Semrush, DPD, WordPress, Open Graph, Vite, Varnish, X-Content-Type-Options, Adobe, Centro, Expedia, Linux, Facebook Pixel, Akamai, TripAdvisor, reCAPTCHA, Choices, Akamai Bot Manager, Microsoft Intune, Vue.js, SAP, Talkwalker, Claro, Vimeo, Power BI, Office 365, Oracle, QlikView, Python, Como, HootSuite, Microsoft, Node.js, Express, Timesheets, Google Analytics 4, Google Drive, PHP, JavaScript, Twitter Ads, SQL, cdnjs, Bing Ads, Boomerang, Atlassian Jira, TikTok Pixel, iOS, MailChimp, Adobe Creative Suite, Workiva, Microsoft Azure, Google Workspace, Google Fonts API, Successfactors, Lightbox, X-XSS-Protection, Yandex Metrica, Moment.js, Hotjar, X-UA-Compatible, Smartsheet, Android, OneTrust, Google Analytics, Font Awesome, SAP Ariba, Workday, Ruby, Adobe Photoshop, Google Tag Manager, Cloudflare Bot Management, .NET, Google Ads, PWA, Apache, jQuery, Azure DevOps, Delphi, Trello, Akamai mPulse, Amazon Web Services, SAP Maintenance, Repair, and Overhaul, Looker, iClarity B2B2C, Ahrefs, SAP SuccessFactors, ABAP, Salesforce, SISTRIX, Google Analytics Enhanced Ecommerce, Apple iCloud Mail, Criteo, AB Tasty, Microsoft Advertising, ShareThis, yepnope.js, Booking.com, Salesforce Marketing Cloud, Fingerprintjs, Google Sign-In, DoubleClick Ad Exchange (AdX), JSON-LD, Google AdSense, CloudFlare, Adobe Fonts, Element UI, jQuery Migrate, MySQL, Elementor, Litespeed Cache, AMP, CookieYes, Yoast SEO, Webpack, Modernizr, Bootstrap, Clipboard.js, Unpkg, Priority Hints, Auth0, dc.js, Web Vitals, AppNexus, Segment","Hospitality, Restaurants, Recreational Facilities And Services","	84, 7992, 7999, 70, 5812, 7933, 70, 79, 58, 7011, 4493","r, 561, 9329, i, 55, 5510, i, 5610, 551, 56","	71395, 713930, 713920, 722511, 72111, 721, 71391, 713990, 713950, 722, 722515, 722513, 72, 721110, 721120, 71393, 722514, 713910, 71399, 72, 7139, 72251, 71, 713, 71392, 72112, 7225, 7211","Privately Held","www.iberostar.com","iberostar.com","12313","Iberostar Group is a leading global hospitality company that specializes in the development and management of hotels and resorts, primarily located in stunning beach destinations. With a mission to provide exceptional experiences that foster a deep connection with nature and local cultures, Iberostar is dedicated to creating memorable stays for its guests while promoting sustainable tourism practices. The company operates over 100 hotels across 16 countries, including popular locations such as Mallorca, the Canary Islands, and the Riviera Maya, catering to a diverse clientele that includes families, couples, and business travelers. Iberostar's commitment to sustainability is a cornerstone of its operations, as the company strives to achieve carbon neutrality by 2030. This commitment is reflected in various initiatives aimed at protecting marine ecosystems, reducing food waste through innovative technologies, and eliminating single-use plastics. By partnering with local communities and suppliers, Iberostar enhances the cultural and environmental impact of its operations, ensuring that its presence benefits the local economies and ecosystems. The company's vision is to be a benchmark in the hospitality industry, recognized for its dedication to sustainability and customer satisfaction. Iberostar offers a range of unique accommodations and services through its various brands, including Iberostar Waves, Iberostar Selection, and JOIA by Iberostar, all designed to provide exceptional service and innovative offerings. By focusing on quality and responsible tourism, Iberostar aims to create lasting positive impacts on both its guests and the environments in which it operates, ensuring that future generations can enjoy the beauty of the oceans and the rich cultures of the destinations they visit.","82357687","","","","","","","","","",""
"78c37cb8-06f5-3496-aa99-4eff4298f0e5","Grupotel Hotels & Resorts","https://www.linkedin.com/company/grupotel","[Spain, Islas Baleares, Can, 68 Ctra Artá Pt. Alcudia, 07458], [Spain, Balearic Islands, Palma, 7 Av. D'amèrica, 07600]","+34971494040","Spain, Islas Baleares, Can, 68 Ctra Artá Pt. Alcudia, 07458","","Ecommerce, Carta, Google Font API, OWL Carousel, Apache, Font Awesome, Bootstrap, Phusion Passenger, PHP, Google Fonts API, Webpack, Microsoft IIS, Node.js, jQuery UI, Emotion, Facebook Pixel, Facebook, Nginx, Google Maps, Windows Server, YouTube, Next.js, MUI, jQuery, Google Analytics, Google Tag Manager, Twitter, reCAPTCHA, Element UI, React, Google Hosted Libraries","Restaurants, Hospitality","	70, 58, 70, 7011, 5812","i, 5610, 551, 55, i, 56, 5510, 561","	722514, 7225, 7211, 72112, 721, 72, 72111, 722515, 722511, 721120, 722, 722513, 721110, 72251, 72","Privately Held","www.grupotel.com","grupotel.com","1139","Grupotel Hotels & Resorts es una cadena hotelera mallorquina fundada en 1968 por la familia Ramis Fornés.  Nuestros 46 hoteles en Mallorca, Menorca, Ibiza, Barcelona, Gran Canaria y Lanzarote acercan una experiencia a medida en espacios expresamente diseñados para sumergirse en un inolvidable viaje. Nos caracteriza un servicio de alta calidad y pasión por la hospitalidad – la esencia de nuestras raíces mediterráneas.","54385050","","","","","","","","","",""
"b56e8736-1232-376e-a16e-ac17f262ff28","TRH Hoteles","https://www.linkedin.com/company/trh-hoteles","[Spain, Andalusia, Estepona, Km. 167 Ctra. De Cádiz, 29688], [Spain, Andalusia, Baeza, 3 C/ Concepción, 23440], [Spain, Andalusia, Mijas, 2 C/ Tamisa, 29650], [Spain, Madrid, Madrid]","+34913430318","Spain, Madrid, Madrid","+34913430318","Varnish, Amazon S3, Amazon Cloudfront, MySQL, Cookie Script, React, Twitter Emoji (Twemoji), Google Cloud, RSS, Polylang, Apache, Yoast SEO, Font Awesome, Lodash, WordPress, Priority Hints, Elementor, Webpack, Autoptimize, Wix, OceanWP, Apache HTTP Server, HTTP/3, Module Federation, jQuery Migrate, Flickity, Google Font API, Google Cloud CDN, Django, Facebook, Open Graph, jQuery UI, X-XSS-Protection, Facebook Pixel, JSS, X-Content-Type-Options, Swiper, OWL Carousel, CookieScript, jQuery CDN, styled-components, HSTS, Lightbox, AMP, Nginx, Google Analytics Enhanced Ecommerce, Visual Website Optimizer, Google Analytics, jQuery, Cloudflare Bot Management, reCAPTCHA, The Hotels Network, Google Tag Manager, Sentry, Choices, CloudFlare, Unpkg, PHP, Cookiebot, JSON-LD, Python, Bootstrap, Polyfill","Hospitality, Leisure, Travel & Tourism, Restaurants","	7011, 70, 79, 58, 84","	5510, 5629, 55, 551, i, 799, 7990, 56, 562, r, 79, 5621, 791","	56159, 722310, 71, 721110, 722, 722330, 722320, 5615, 72233, 7211, 72231, 721, 72112, 72111, 72232, 561591, 561599, 72, 721120, 7223","Privately Held","www.trhhoteles.com","trhhoteles.com","222","TRH Hoteles is a hospitality company dedicated to providing personalized experiences for every traveler. With a commitment to the philosophy of ""TRH FOR YOU,"" the company offers a diverse range of accommodation options and tailored services that cater to the unique preferences of its guests. TRH Hoteles aims to create a welcoming environment where every individual can find a hotel that suits their taste and needs, ensuring a memorable stay. The company targets a broad clientele, including families, couples, and solo travelers, and partners with local businesses to enhance the overall guest experience. With a focus on rest, wellbeing, and exploration, TRH Hoteles strives to make each destination a special place for its visitors.","18115488","Company Hiring Event. Company Trh Hoteles announced on 2024-01-24 that they will be hiring Industrial Consultants in their  department in Spain. URL:https://www.buscojobs.com.es/ayudante-de-recepcion-hotel-4-sevilla-en-dos-hermanas-ID-264549841.","Company Hiring Event. Company Trh Hoteles announced on 2024-01-24 that they will be hiring Psychiatry Physicians/Psychiatrists in their  department in Spain. URL:https://www.buscojobs.com.es/camarera-o-de-pisos-hotel-4-sevilla-en-dos-hermanas-ID-264550909.","Company Hiring Event. Company Trh Hoteles announced on 2023-07-10 that they will be hiring Cocinero a hotel 4 - sevilla in their  department in Spain. URL:.","Company Hiring Event. Company Trh Hoteles announced on 2024-01-13 that they will be hiring Operations Specialists in their Operations department in Spain. URL:https://www.buscojobs.com.es/cocinero-a-hotel-4-sevilla-en-dos-hermanas-ID-264148220.","Company Hiring Event. Company Trh Hoteles announced on 2024-02-05 that they will be hiring Ayudante de recepción hotel 4 - sevilla in their  department in Spain. URL:https://www.trabajas.es/oferta/ayudante-de-recepcion-hotel-4-sevilla-8a59c91ff525ff4/.","Company Hiring Event. Company Trh Hoteles announced on 2024-01-16 that they will be hiring Cocinero a hotel 4 - sevilla in their  department in Spain. URL:https://www.trabajas.es/oferta/cocinero-a-hotel-4-sevilla-3242a82d81e2da4/.","Company Hiring Event. Company Trh Hoteles announced on 2023-07-20 that they will be hiring cocineros as hotel de temporada 4 - málaga in their  department in Spain. URL:.","Company Hiring Event. Company Trh Hoteles announced on 2023-07-20 that they will be hiring jefe a de partida hotel 4 - málaga in their  department in Spain. URL:.","Company Hiring Event. Company Trh Hoteles announced on 2023-07-22 that they will be hiring camarera o de pisos hotel 4 - málaga in their  department in Spain. URL:.","Company Hiring Event. Company Trh Hoteles announced on 2023-07-15 that they will be hiring camarera o de pisos hotel 4 - sevilla in their  department in Spain. URL:."
"90228900-0520-3d11-82c3-28534763f348","Hotel Puente Real","https://www.linkedin.com/company/hotelpuentereal","[Spain, Andalusia, Torremolinos, 79 Paseo Marítimo, 29620]","","Spain, Andalusia, Torremolinos, 79 Paseo Marítimo, 29620","","Google Apps for Business, Forecast, Reviso, Google Ads Conversion Tracking, Facebook, Facebook Pixel, X-Content-Type-Options, jsDelivr, X-XSS-Protection, Open Graph, Bing Ads, Google Fonts API, Bootstrap, JSON-LD, Google Workspace, Google Font API, Google Ads, Font Awesome, Google Analytics, jQuery, Google Tag Manager, Microsoft Advertising, reCAPTCHA, Google Cloud Trace, HTTP/3, Video.js, Google Maps, Google Cloud, YouTube, Triptease, HSTS, Google App Engine","Hospitality","	70","i","	72","Privately Held","www.puentereal.com","puentereal.com","53","Ubicado en primera línea de playa de Torremolinos, en el corazón de la Costa del Sol y a solo 15 minutos a pie del centro. Su fantástico Todo Incluido Gold, su completa oferta gastronómica o sus 473 habitaciones, son solo una muestra de las instalaciones y servicios del Hotel Puente Real.","15525974","Company Hiring Event. Company Hotel Puente Real announced on 2024-01-10 that they will be hiring Kitchen Helpers in their  department in Spain. URL:https://www.buscojobs.com.es/jefe-de-partida-caliente-en-hotel-todo-incluido-1-100-clientes-malaga-en-espana-ID-264009346.","Company Hiring Event. Company Hotel Puente Real announced on 2024-01-23 that they will be hiring Children's Assistants in their  department in Mexico. URL:https://www.opcionempleo.com.mx/jobad/mx883cf9c9bff755589a90ee64bb6ec615.","Company Hiring Event. Company Hotel Puente Real announced on 2024-01-24 that they will be hiring Supply Chain Development Managers in their  department in Spain. URL:https://www.buscojobs.com.es/jefe-de-recepcion-hotel-de-4-estrellas-malaga-en-espana-ID-264550874.","Company Hiring Event. Company Hotel Puente Real announced on 2024-01-24 that they will be hiring Security Guards in their  department in Spain. URL:https://www.buscojobs.com.es/jefe-a-de-recepcion-hotel-de-4-estrellas-malaga-en-espana-ID-264549922.","Company Hiring Event. Company Hotel Puente Real announced on 2024-04-13 that they will be hiring Recepcionista in their  department in Mexico. URL:https://mx.indeed.com/viewjob?jk=e849620839c980a1.","Company Hiring Event. Company Hotel Puente Real announced on 2024-07-02 that they will be hiring Recamarera in their  department in Mexico. URL:https://www.simplyhired.mx/job/InyLLGdzQWIKqYm2nvgBa0PCcOqhEZo6P1h2HXE3OTzTAC7d8CZo2A.","Company Hiring Event. Company Hotel Puente Real announced on 2024-05-29 that they will be hiring Recepcionista in their  department in Mexico. URL:https://www.buscojobs.mx/recepcionista-en-xico-ID-65974700.","Company Hiring Event. Company Hotel Puente Real announced on 2023-07-27 that they will be hiring Recamarera in their  department in Mexico. URL:.","Company Hiring Event. Company Hotel Puente Real announced on 2024-02-14 that they will be hiring Camarero a para hotel con idiomas - torremolinos - mlaga in their  department in Spain. URL:https://www.buscojobs.com.es/camarero-a-para-hotel-con-idiomas-torremolinos-malaga-en-espana-ID-265524382.","Company Hiring Event. Company Hotel Puente Real announced on 2025-01-29 that they will be hiring Cocinera in their  department in Mexico. URL:https://mx.indeed.com/m/viewjob?jk=a88ea8e877bf87a2."
"a65327e5-7473-316b-adfd-def616e6a248","Sagitario Hotels","https://www.linkedin.com/company/sagitario-hotels","[Spain, Balearic Islands, Ciutadella, 07760]","","Spain, Balearic Islands, Ciutadella, 07760","","Digital Ocean, Google Font API, Cybot, jQuery, Joomla, Google Tag Manager, Font Awesome, Google Analytics, DigitalOcean Web Hosting, Onsen UI, jQuery Migrate, Lightbox, Nginx, Correos, Select2, PHP, Google Workspace, Cookiebot, Google Fonts API, Open Graph, UIKit, X-Content-Type-Options, Facebook, Facebook Pixel","Hospitality","	70","i","	72","Self Owned","www.sagitariohotels.com","sagitariohotels.com","64","Vive el Placer de lo cercano. Nacimos en los años 80 con un pequeño hostal en Ciutadella de Menorca. Hoy seguimos siendo lo mismo: una casa abierta al viajero. Una cadena familiar, 100% menorquina, en la costa oeste de la isla, donde cada detalle invita a bajar el ritmo y disfrutar. A eso le llamamos Sagitario Experience: dormir bien, comer mejor y regalarse tiempo. Gastronomía local km0 de nuestras granjas Sagitario Llocs. Spas tranquilos, luz suave y el mar a un paso. Creemos en lo que perdura. Juntos cuidamos Menorca: ahorramos y reutilizamos agua, apostamos por energía limpia, reducimos residuos y trabajamos con proveedores locales.  Detrás de cada hotel hay personas. #SagitarioFamily, huéspedes que vuelven y una tierra que nos inspira cada día. Si buscas una Menorca cercana, serena y auténtica, te esperamos en Sagitario Hotels.","13845348","","","","","","","","","",""
